Gender,Do_you_have_a_dedicated_workspace_at_home?,Do_you_have_a_stable_&_fast_internet_connection_for_work?,Do_you_use_noise-canceling_headphones_for_work?,Do_you_prefer_working_from_home_over_the_office?,Do_you_use_an_external_monitor_while_working_remotely?,Do_you_feel_more_productive_at_home_than_in_the_office?,Do_you_take_regular_breaks_while_working_remotely?,Do_you_work_extra_hours_when_working_from_home?,Do_you_use_time_management_tools/apps?,"Do_you_use_productivity_techniques_(Pomodoro,_time_blocking,_etc.)?",Do_you_attend_virtual_meetings_with_the_camera_on?,Do_you_prefer_asynchronous_communication_over_live_meetings?,Do_you_miss_in-person_interactions_with_colleagues?,Do_you_wear_professional_attire_during_remote_meetings?,Do_you_feel_virtual_meetings_are_as_effective_as_in-person_meetings?,Do_you_feel_socially_isolated_while_working_remotely?,Do_you_struggle_to_separate_work_and_personal_life_when_working_from_home?,Do_you_feel_you_have_a_good_work-life_balance_when_working_remotely?,Do_you_prefer_a_hybrid_work_model_(office_+_remote)?,Do_you_feel_companies_should_allow_permanent_work-from-home_options?
Female,Yes,Yes,No,No,Yes,No,Yes,No,No,No,No,Yes,No,Yes,No,Yes,Yes,No,Yes,No
Female,Yes,Yes,Yes,No,No,No,Yes,Yes,Yes,No,No,No,Yes,Yes,No,No,No,No,Yes,No
Male,No,Yes,No,Yes,No,No,Yes,No,No,No,Yes,Yes,Yes,No,Yes,No,No,Yes,Yes,Yes
Female,Yes,Yes,No,No,No,Yes,No,Yes,No,No,No,No,Yes,Yes,No,Yes,Yes,Yes,Yes,Yes
Male,No,No,No,Yes,No,No,Yes,No,Yes,Yes,Yes,No,No,No,Yes,Yes,Yes,No,Yes,Yes
Female,Yes,Yes,Yes,Yes,Yes,Yes,Yes,Yes,No,Yes,Yes,No,Yes,Yes,Yes,No,Yes,Yes,Yes,No
Male,Yes,Yes,No,Yes,Yes,Yes,Yes,Yes,No,No,No,Yes,Yes,No,No,No,No,Yes,Yes,No
Female,Yes,Yes,Yes,Yes,Yes,Yes,Yes,Yes,Yes,Yes,Yes,Yes,Yes,Yes,Yes,Yes,Yes,Yes,Yes,Yes
Male,Yes,No,Yes,Yes,No,Yes,Yes,Yes,Yes,Yes,No,Yes,Yes,No,No,Yes,Yes,No,Yes,No
Male,Yes,Yes,Yes,Yes,No,Yes,No,Yes,Yes,Yes,Yes,No,Yes,No,No,No,Yes,Yes,Yes,Yes
Male,No,Yes,No,No,Yes,No,Yes,Yes,No,No,Yes,Yes,Yes,No,No,Yes,Yes,No,Yes,No
Male,No,Yes,No,No,No,No,Yes,No,No,No,Yes,Yes,Yes,Yes,No,Yes,Yes,Yes,Yes,No
Female,Yes,Yes,No,Yes,No,Yes,Yes,No,No,No,Yes,No,No,Yes,No,Yes,Yes,No,Yes,Yes
Male,Yes,Yes,No,Yes,Yes,No,Yes,Yes,No,No,No,No,Yes,No,Yes,Yes,Yes,Yes,Yes,Yes
Male,No,No,Yes,Yes,No,Yes,No,Yes,No,No,No,No,Yes,Yes,No,Yes,Yes,Yes,Yes,Yes
Male,No,Yes,No,Yes,No,Yes,No,No,Yes,No,Yes,Yes,Yes,Yes,Yes,Yes,Yes,Yes,Yes,Yes
Female,Yes,Yes,Yes,No,Yes,No,Yes,No,No,No,No,Yes,Yes,Yes,Yes,No,Yes,Yes,Yes,Yes
Female,Yes,Yes,Yes,No,No,No,Yes,Yes,No,No,No,Yes,No,Yes,No,Yes,Yes,No,Yes,Yes
Female,Yes,Yes,No,Yes,No,No,No,Yes,No,No,Yes,Yes,Yes,No,No,Yes,Yes,No,Yes,No
Male,Yes,No,No,No,No,No,Yes,Yes,No,No,No,No,Yes,Yes,Yes,No,No,No,Yes,No
Male,No,Yes,No,No,No,No,Yes,No,No,No,Yes,No,Yes,No,No,Yes,Yes,No,Yes,No
Male,No,Yes,No,No,No,No,No,Yes,No,No,Yes,Yes,Yes,No,No,No,Yes,No,Yes,No
Female,Yes,Yes,No,Yes,No,Yes,Yes,No,No,No,Yes,No,No,Yes,Yes,No,No,Yes,Yes,Yes
Female,No,Yes,No,Yes,No,Yes,Yes,Yes,No,No,Yes,No,Yes,No,No,Yes,Yes,No,Yes,Yes
Female,Yes,Yes,Yes,Yes,Yes,Yes,Yes,Yes,Yes,No,Yes,No,Yes,Yes,No,No,No,Yes,Yes,Yes
Male,Yes,Yes,Yes,Yes,No,Yes,Yes,No,Yes,Yes,Yes,No,Yes,Yes,Yes,No,Yes,Yes,Yes,No
Male,Yes,Yes,Yes,Yes,No,Yes,No,Yes,No,No,Yes,Yes,No,No,Yes,No,No,Yes,No,Yes
Female,Yes,Yes,No,Yes,Yes,No,Yes,Yes,No,No,Yes,No,Yes,No,No,Yes,Yes,Yes,Yes,No
Female,Yes,Yes,Yes,Yes,No,Yes,No,Yes,No,No,Yes,Yes,No,Yes,Yes,Yes,Yes,Yes,Yes,Yes
Female,No,Yes,Yes,No,No,No,Yes,Yes,No,No,Yes,No,Yes,Yes,No,Yes,Yes,Yes,Yes,No
Female,Yes,Yes,No,Yes,No,Yes,Yes,No,No,No,Yes,No,No,No,Yes,No,No,Yes,Yes,Yes
Male,Yes,Yes,Yes,Yes,Yes,Yes,Yes,Yes,Yes,Yes,Yes,Yes,No,Yes,Yes,No,No,Yes,Yes,Yes
Male,No,Yes,No,No,No,No,Yes,No,No,No,No,No,Yes,No,Yes,Yes,No,Yes,Yes,Yes
Male,Yes,Yes,No,Yes,Yes,Yes,No,Yes,No,No,No,Yes,Yes,No,No,Yes,Yes,No,Yes,Yes
Female,Yes,Yes,Yes,Yes,Yes,Yes,Yes,No,No,Yes,Yes,No,No,Yes,No,No,No,Yes,Yes,Yes
Female,Yes,Yes,No,Yes,No,Yes,Yes,Yes,Yes,Yes,Yes,No,No,No,Yes,Yes,No,Yes,Yes,Yes
Male,No,No,Yes,Yes,No,Yes,No,Yes,No,Yes,No,Yes,No,Yes,No,Yes,No,Yes,No,Yes
Female,Yes,Yes,No,No,No,No,Yes,Yes,No,No,Yes,No,Yes,Yes,No,Yes,No,Yes,Yes,No
Male,Yes,Yes,Yes,Yes,Yes,No,No,Yes,No,No,Yes,Yes,Yes,Yes,No,Yes,Yes,No,Yes,No
Female,No,Yes,No,No,No,No,Yes,Yes,No,No,No,No,Yes,Yes,No,Yes,Yes,No,Yes,No
Male,Yes,Yes,Yes,Yes,Yes,Yes,Yes,Yes,Yes,Yes,Yes,Yes,Yes,Yes,Yes,Yes,Yes,Yes,Yes,Yes
Female,Yes,No,Yes,Yes,No,Yes,No,Yes,No,No,Yes,Yes,Yes,Yes,No,No,No,Yes,Yes,Yes
Female,No,Yes,No,No,No,No,Yes,No,No,No,Yes,No,Yes,Yes,No,Yes,Yes,Yes,Yes,Yes
Male,No,No,No,Yes,No,No,No,No,No,No,No,No,No,No,Yes,Yes,Yes,Yes,Yes,Yes
Female,Yes,Yes,Yes,No,No,Yes,Yes,Yes,Yes,No,Yes,Yes,Yes,No,No,No,Yes,No,Yes,No
Female,Yes,Yes,Yes,Yes,No,Yes,Yes,Yes,No,No,No,Yes,Yes,Yes,No,Yes,Yes,Yes,Yes,Yes
Female,Yes,Yes,No,Yes,No,Yes,Yes,Yes,Yes,No,No,No,Yes,No,No,Yes,Yes,Yes,Yes,Yes
Female,No,Yes,No,No,No,No,No,No,Yes,No,No,No,Yes,Yes,No,Yes,No,Yes,No,No
Female,Yes,Yes,Yes,Yes,No,Yes,No,Yes,No,No,Yes,Yes,No,Yes,Yes,No,No,Yes,Yes,Yes
Female,No,Yes,No,No,No,No,Yes,Yes,No,No,No,No,Yes,No,No,No,Yes,Yes,Yes,Yes
Female,Yes,Yes,Yes,Yes,Yes,Yes,Yes,Yes,Yes,No,Yes,Yes,Yes,Yes,No,Yes,Yes,Yes,Yes,Yes
Female,Yes,Yes,No,No,Yes,No,Yes,No,No,No,No,Yes,No,Yes,No,Yes,Yes,No,Yes,No
Female,Yes,Yes,Yes,No,No,No,Yes,Yes,Yes,No,No,No,Yes,Yes,No,No,No,No,Yes,No
Male,No,Yes,No,Yes,No,No,Yes,No,No,No,Yes,Yes,Yes,No,Yes,No,No,Yes,Yes,Yes
Female,Yes,Yes,No,No,No,Yes,No,Yes,No,No,No,No,Yes,Yes,No,Yes,Yes,Yes,Yes,Yes
Male,No,No,No,Yes,No,No,Yes,No,Yes,Yes,Yes,No,No,No,Yes,Yes,Yes,No,Yes,Yes
Female,Yes,Yes,Yes,Yes,Yes,Yes,Yes,Yes,No,Yes,Yes,No,Yes,Yes,Yes,No,Yes,Yes,Yes,No
Male,Yes,Yes,No,Yes,Yes,Yes,Yes,Yes,No,No,No,Yes,Yes,No,No,No,No,Yes,Yes,No
Female,Yes,Yes,Yes,Yes,Yes,Yes,Yes,Yes,Yes,Yes,Yes,Yes,Yes,Yes,Yes,Yes,Yes,Yes,Yes,Yes
Male,Yes,No,Yes,Yes,No,Yes,Yes,Yes,Yes,Yes,No,Yes,Yes,No,No,Yes,Yes,No,Yes,No
Male,Yes,Yes,Yes,Yes,No,Yes,No,Yes,Yes,Yes,Yes,No,Yes,No,No,No,Yes,Yes,Yes,Yes
Male,No,Yes,No,No,Yes,No,Yes,Yes,No,No,Yes,Yes,Yes,No,No,Yes,Yes,No,Yes,No
Male,No,Yes,No,No,No,No,Yes,No,No,No,Yes,Yes,Yes,Yes,No,Yes,Yes,Yes,Yes,No
Female,Yes,Yes,No,Yes,No,Yes,Yes,No,No,No,Yes,No,No,Yes,No,Yes,Yes,No,Yes,Yes
Male,Yes,Yes,No,Yes,Yes,No,Yes,Yes,No,No,No,No,Yes,No,Yes,Yes,Yes,Yes,Yes,Yes
Male,No,No,Yes,Yes,No,Yes,No,Yes,No,No,No,No,Yes,Yes,No,Yes,Yes,Yes,No,Yes
Male,No,Yes,No,Yes,No,Yes,No,No,Yes,No,Yes,Yes,Yes,Yes,Yes,Yes,Yes,Yes,No,Yes
Female,Yes,Yes,Yes,No,Yes,No,Yes,No,No,No,No,Yes,Yes,Yes,Yes,No,Yes,Yes,No,Yes
Female,Yes,Yes,Yes,No,No,No,Yes,Yes,No,No,No,Yes,No,Yes,No,Yes,Yes,No,No,Yes
Female,Yes,Yes,No,Yes,No,No,No,Yes,No,No,Yes,Yes,Yes,No,No,Yes,Yes,No,Yes,No
Male,Yes,No,No,No,No,No,Yes,Yes,No,No,No,No,Yes,Yes,Yes,No,No,No,Yes,No
Male,No,Yes,No,No,No,No,Yes,No,No,No,Yes,No,Yes,No,No,Yes,Yes,No,No,No
Male,No,Yes,No,No,No,No,No,Yes,No,No,Yes,Yes,Yes,No,No,No,Yes,No,No,No
Female,Yes,Yes,No,Yes,No,Yes,Yes,No,No,No,Yes,No,No,Yes,Yes,No,No,Yes,No,Yes
Female,No,Yes,No,Yes,No,Yes,Yes,Yes,No,No,Yes,No,Yes,No,No,Yes,Yes,No,No,Yes
Female,Yes,Yes,Yes,Yes,Yes,Yes,Yes,Yes,Yes,No,Yes,No,Yes,Yes,No,No,No,Yes,Yes,Yes
Male,Yes,Yes,Yes,Yes,No,Yes,Yes,No,Yes,Yes,Yes,No,Yes,Yes,Yes,No,Yes,Yes,Yes,No
Male,Yes,Yes,Yes,Yes,No,Yes,No,Yes,No,No,Yes,Yes,No,No,Yes,No,No,Yes,No,Yes
Female,Yes,Yes,No,Yes,Yes,No,Yes,Yes,No,No,Yes,No,Yes,No,No,Yes,Yes,Yes,Yes,No
Female,Yes,Yes,Yes,Yes,No,Yes,No,Yes,No,No,Yes,Yes,No,Yes,Yes,Yes,Yes,Yes,No,Yes
Female,No,Yes,Yes,No,No,No,Yes,Yes,No,No,Yes,No,Yes,Yes,No,Yes,Yes,Yes,No,No
Female,Yes,Yes,No,Yes,No,Yes,Yes,No,No,No,Yes,No,No,No,Yes,No,No,Yes,No,Yes
Male,Yes,Yes,Yes,Yes,Yes,Yes,Yes,Yes,Yes,Yes,Yes,Yes,No,Yes,Yes,No,No,Yes,No,Yes
Male,No,Yes,No,No,No,No,Yes,No,No,No,No,No,Yes,No,Yes,Yes,No,Yes,Yes,Yes
Male,Yes,Yes,No,Yes,Yes,Yes,No,Yes,No,No,No,Yes,Yes,No,No,Yes,Yes,No,No,Yes
Female,Yes,Yes,Yes,Yes,Yes,Yes,Yes,No,No,Yes,Yes,No,No,Yes,No,No,No,Yes,No,Yes
Female,Yes,Yes,No,Yes,No,Yes,Yes,Yes,Yes,Yes,Yes,No,No,No,Yes,Yes,No,Yes,No,Yes
Male,No,No,Yes,Yes,No,Yes,No,Yes,No,Yes,No,Yes,No,Yes,No,Yes,No,Yes,No,Yes
Female,Yes,Yes,No,No,No,No,Yes,Yes,No,No,Yes,No,Yes,Yes,No,Yes,No,Yes,Yes,No
Male,Yes,Yes,Yes,Yes,Yes,No,No,Yes,No,No,Yes,Yes,Yes,Yes,No,Yes,Yes,No,Yes,No
Female,No,Yes,No,No,No,No,Yes,Yes,No,No,No,No,Yes,Yes,No,Yes,Yes,No,No,No
Male,Yes,Yes,Yes,Yes,Yes,Yes,Yes,Yes,Yes,Yes,Yes,Yes,Yes,Yes,Yes,Yes,Yes,Yes,No,Yes
Female,Yes,No,Yes,Yes,No,Yes,No,Yes,No,No,Yes,Yes,Yes,Yes,No,No,No,Yes,No,Yes
Female,No,Yes,No,No,No,No,Yes,No,No,No,Yes,No,Yes,Yes,No,Yes,Yes,Yes,No,Yes
Male,No,No,No,Yes,No,No,No,No,No,No,No,No,No,No,Yes,Yes,Yes,Yes,Yes,Yes
Female,Yes,Yes,Yes,No,No,Yes,Yes,Yes,Yes,No,Yes,Yes,Yes,No,No,No,Yes,No,Yes,No
Female,Yes,Yes,Yes,Yes,No,Yes,Yes,Yes,No,No,No,Yes,Yes,Yes,No,Yes,Yes,Yes,No,Yes
Female,Yes,Yes,No,Yes,No,Yes,Yes,Yes,Yes,No,No,No,Yes,No,No,Yes,Yes,Yes,No,Yes
Female,No,Yes,No,No,No,No,No,No,Yes,No,No,No,Yes,Yes,No,Yes,No,Yes,No,No
Female,Yes,Yes,Yes,Yes,No,Yes,No,Yes,No,No,Yes,Yes,No,Yes,Yes,No,No,Yes,No,Yes
Female,No,Yes,No,No,No,No,Yes,Yes,No,No,No,No,Yes,No,No,No,Yes,Yes,Yes,Yes
Female,Yes,Yes,Yes,Yes,Yes,Yes,Yes,Yes,Yes,No,Yes,Yes,Yes,Yes,No,Yes,Yes,Yes,Yes,Yes
Female,Yes,Yes,No,No,Yes,No,Yes,No,No,No,No,Yes,No,Yes,No,Yes,Yes,No,No,No
Female,Yes,Yes,Yes,No,No,No,Yes,Yes,Yes,No,No,No,Yes,Yes,No,No,No,No,No,No
Male,No,Yes,No,Yes,No,No,Yes,No,No,No,Yes,Yes,Yes,No,Yes,No,No,Yes,No,Yes
Female,Yes,Yes,No,No,No,Yes,No,Yes,No,No,No,No,Yes,Yes,No,Yes,Yes,Yes,No,Yes
Male,No,No,No,Yes,No,No,Yes,No,Yes,Yes,Yes,No,No,No,Yes,Yes,Yes,No,Yes,Yes
Female,Yes,Yes,Yes,Yes,Yes,Yes,Yes,Yes,No,Yes,Yes,No,Yes,Yes,Yes,No,Yes,Yes,Yes,No
Male,Yes,Yes,No,Yes,Yes,Yes,Yes,Yes,No,No,No,Yes,Yes,No,No,No,No,Yes,Yes,No
Female,Yes,Yes,Yes,Yes,Yes,Yes,Yes,Yes,Yes,Yes,Yes,Yes,Yes,Yes,Yes,Yes,Yes,Yes,No,Yes
Male,Yes,No,Yes,Yes,No,Yes,Yes,Yes,Yes,Yes,No,Yes,Yes,No,No,Yes,Yes,No,No,No
Male,Yes,Yes,Yes,Yes,No,Yes,No,Yes,Yes,Yes,Yes,No,Yes,No,No,No,Yes,Yes,No,Yes
Male,No,Yes,No,No,Yes,No,Yes,Yes,No,No,Yes,Yes,Yes,No,No,Yes,Yes,No,No,No
Male,No,Yes,No,No,No,No,Yes,No,No,No,Yes,Yes,Yes,Yes,No,Yes,Yes,Yes,Yes,No
Female,Yes,Yes,No,Yes,No,Yes,Yes,No,No,No,Yes,No,No,Yes,No,Yes,Yes,No,Yes,Yes
Male,Yes,Yes,No,Yes,Yes,No,Yes,Yes,No,No,No,No,Yes,No,Yes,Yes,Yes,Yes,No,Yes
Male,No,No,Yes,Yes,No,Yes,No,Yes,No,No,No,No,Yes,Yes,No,Yes,Yes,Yes,No,Yes
Male,No,Yes,No,Yes,No,Yes,No,No,Yes,No,Yes,Yes,Yes,Yes,Yes,Yes,Yes,Yes,No,Yes
Female,Yes,Yes,Yes,No,Yes,No,Yes,No,No,No,No,Yes,Yes,Yes,Yes,No,Yes,Yes,No,Yes
Female,Yes,Yes,Yes,No,No,No,Yes,Yes,No,No,No,Yes,No,Yes,No,Yes,Yes,No,Yes,Yes
Female,Yes,Yes,No,Yes,No,No,No,Yes,No,No,Yes,Yes,Yes,No,No,Yes,Yes,No,Yes,No
Male,Yes,No,No,No,No,No,Yes,Yes,No,No,No,No,Yes,Yes,Yes,No,No,No,Yes,No
Male,No,Yes,No,No,No,No,Yes,No,No,No,Yes,No,Yes,No,No,Yes,Yes,No,Yes,No
Male,No,Yes,No,No,No,No,No,Yes,No,No,Yes,Yes,Yes,No,No,No,Yes,No,Yes,No
Female,Yes,Yes,No,Yes,No,Yes,Yes,No,No,No,Yes,No,No,Yes,Yes,No,No,Yes,Yes,Yes
Female,No,Yes,No,Yes,No,Yes,Yes,Yes,No,No,Yes,No,Yes,No,No,Yes,Yes,No,Yes,Yes
Female,Yes,Yes,Yes,Yes,Yes,Yes,Yes,Yes,Yes,No,Yes,No,Yes,Yes,No,No,No,Yes,Yes,Yes
Male,Yes,Yes,Yes,Yes,No,Yes,Yes,No,Yes,Yes,Yes,No,Yes,Yes,Yes,No,Yes,Yes,Yes,No
Male,Yes,Yes,Yes,Yes,No,Yes,No,Yes,No,No,Yes,Yes,No,No,Yes,No,No,Yes,No,Yes
Female,Yes,Yes,No,Yes,Yes,No,Yes,Yes,No,No,Yes,No,Yes,No,No,Yes,Yes,Yes,Yes,No
Female,Yes,Yes,Yes,Yes,No,Yes,No,Yes,No,No,Yes,Yes,No,Yes,Yes,Yes,Yes,Yes,Yes,Yes
Female,No,Yes,Yes,No,No,No,Yes,Yes,No,No,Yes,No,Yes,Yes,No,Yes,Yes,Yes,No,No
Female,Yes,Yes,No,Yes,No,Yes,Yes,No,No,No,Yes,No,No,No,Yes,No,No,Yes,No,Yes
Male,Yes,Yes,Yes,Yes,Yes,Yes,Yes,Yes,Yes,Yes,Yes,Yes,No,Yes,Yes,No,No,Yes,No,Yes
Male,No,Yes,No,No,No,No,Yes,No,No,No,No,No,Yes,No,Yes,Yes,No,Yes,No,Yes
Male,Yes,Yes,No,Yes,Yes,Yes,No,Yes,No,No,No,Yes,Yes,No,No,Yes,Yes,No,Yes,Yes
Female,Yes,Yes,Yes,Yes,Yes,Yes,Yes,No,No,Yes,Yes,No,No,Yes,No,No,No,Yes,Yes,Yes
Female,Yes,Yes,No,Yes,No,Yes,Yes,Yes,Yes,Yes,Yes,No,No,No,Yes,Yes,No,Yes,No,Yes
Male,No,No,Yes,Yes,No,Yes,No,Yes,No,Yes,No,Yes,No,Yes,No,Yes,No,Yes,No,Yes
Female,Yes,Yes,No,No,No,No,Yes,Yes,No,No,Yes,No,Yes,Yes,No,Yes,No,Yes,No,No
Male,Yes,Yes,Yes,Yes,Yes,No,No,Yes,No,No,Yes,Yes,Yes,Yes,No,Yes,Yes,No,No,No
Female,No,Yes,No,No,No,No,Yes,Yes,No,No,No,No,Yes,Yes,No,Yes,Yes,No,Yes,No
Male,Yes,Yes,Yes,Yes,Yes,Yes,Yes,Yes,Yes,Yes,Yes,Yes,Yes,Yes,Yes,Yes,Yes,Yes,Yes,Yes
Female,Yes,No,Yes,Yes,No,Yes,No,Yes,No,No,Yes,Yes,Yes,Yes,No,No,No,Yes,Yes,Yes
Female,No,Yes,No,No,No,No,Yes,No,No,No,Yes,No,Yes,Yes,No,Yes,Yes,Yes,Yes,Yes
Male,No,No,No,Yes,No,No,No,No,No,No,No,No,No,No,Yes,Yes,Yes,Yes,No,Yes
Female,Yes,Yes,Yes,No,No,Yes,Yes,Yes,Yes,No,Yes,Yes,Yes,No,No,No,Yes,No,No,No
Female,Yes,Yes,Yes,Yes,No,Yes,Yes,Yes,No,No,No,Yes,Yes,Yes,No,Yes,Yes,Yes,No,Yes
Female,Yes,Yes,No,Yes,No,Yes,Yes,Yes,Yes,No,No,No,Yes,No,No,Yes,Yes,Yes,No,Yes
Female,No,Yes,No,No,No,No,No,No,Yes,No,No,No,Yes,Yes,No,Yes,No,Yes,No,No
Female,Yes,Yes,Yes,Yes,No,Yes,No,Yes,No,No,Yes,Yes,No,Yes,Yes,No,No,Yes,Yes,Yes
Female,No,Yes,No,No,No,No,Yes,Yes,No,No,No,No,Yes,No,No,No,Yes,Yes,No,Yes
Female,Yes,Yes,Yes,Yes,Yes,Yes,Yes,Yes,Yes,No,Yes,Yes,Yes,Yes,No,Yes,Yes,Yes,No,Yes
Female,Yes,Yes,No,No,Yes,No,Yes,No,No,No,No,Yes,No,Yes,No,Yes,Yes,No,No,No
Female,Yes,Yes,Yes,No,No,No,Yes,Yes,Yes,No,No,No,Yes,Yes,No,No,No,No,No,No
Male,No,Yes,No,Yes,No,No,Yes,No,No,No,Yes,Yes,Yes,No,Yes,No,No,Yes,Yes,Yes
Female,Yes,Yes,No,No,No,Yes,No,Yes,No,No,No,No,Yes,Yes,No,Yes,Yes,Yes,Yes,Yes
Male,No,No,No,Yes,No,No,Yes,No,Yes,Yes,Yes,No,No,No,Yes,Yes,Yes,No,Yes,Yes
Female,Yes,Yes,Yes,Yes,Yes,Yes,Yes,Yes,No,Yes,Yes,No,Yes,Yes,Yes,No,Yes,Yes,No,No
Male,Yes,Yes,No,Yes,Yes,Yes,Yes,Yes,No,No,No,Yes,Yes,No,No,No,No,Yes,No,No
Female,Yes,Yes,Yes,Yes,Yes,Yes,Yes,Yes,Yes,Yes,Yes,Yes,Yes,Yes,Yes,Yes,Yes,Yes,No,Yes
Male,Yes,No,Yes,Yes,No,Yes,Yes,Yes,Yes,Yes,No,Yes,Yes,No,No,Yes,Yes,No,No,No
Male,Yes,Yes,Yes,Yes,No,Yes,No,Yes,Yes,Yes,Yes,No,Yes,No,No,No,Yes,Yes,Yes,Yes
Male,No,Yes,No,No,Yes,No,Yes,Yes,No,No,Yes,Yes,Yes,No,No,Yes,Yes,No,Yes,No
Male,No,Yes,No,No,No,No,Yes,No,No,No,Yes,Yes,Yes,Yes,No,Yes,Yes,Yes,Yes,No
Female,Yes,Yes,No,Yes,No,Yes,Yes,No,No,No,Yes,No,No,Yes,No,Yes,Yes,No,No,Yes
Male,Yes,Yes,No,Yes,Yes,No,Yes,Yes,No,No,No,No,Yes,No,Yes,Yes,Yes,Yes,No,Yes
Male,No,No,Yes,Yes,No,Yes,No,Yes,No,No,No,No,Yes,Yes,No,Yes,Yes,Yes,No,Yes
Male,No,Yes,No,Yes,No,Yes,No,No,Yes,No,Yes,Yes,Yes,Yes,Yes,Yes,Yes,Yes,No,Yes
Female,Yes,Yes,Yes,No,Yes,No,Yes,No,No,No,No,Yes,Yes,Yes,Yes,No,Yes,Yes,Yes,Yes
Female,Yes,Yes,Yes,No,No,No,Yes,Yes,No,No,No,Yes,No,Yes,No,Yes,Yes,No,Yes,Yes
Female,Yes,Yes,No,Yes,No,No,No,Yes,No,No,Yes,Yes,Yes,No,No,Yes,Yes,No,Yes,No
Male,Yes,No,No,No,No,No,Yes,Yes,No,No,No,No,Yes,Yes,Yes,No,No,No,No,No
Male,No,Yes,No,No,No,No,Yes,No,No,No,Yes,No,Yes,No,No,Yes,Yes,No,No,No
Male,No,Yes,No,No,No,No,No,Yes,No,No,Yes,Yes,Yes,No,No,No,Yes,No,No,No
Female,Yes,Yes,No,Yes,No,Yes,Yes,No,No,No,Yes,No,No,Yes,Yes,No,No,Yes,No,Yes
Female,No,Yes,No,Yes,No,Yes,Yes,Yes,No,No,Yes,No,Yes,No,No,Yes,Yes,No,Yes,Yes
Female,Yes,Yes,Yes,Yes,Yes,Yes,Yes,Yes,Yes,No,Yes,No,Yes,Yes,No,No,No,Yes,Yes,Yes
Male,Yes,Yes,Yes,Yes,No,Yes,Yes,No,Yes,Yes,Yes,No,Yes,Yes,Yes,No,Yes,Yes,No,No
Male,Yes,Yes,Yes,Yes,No,Yes,No,Yes,No,Yes,Yes,Yes,No,No,Yes,No,No,Yes,No,Yes
Female,Yes,Yes,No,Yes,Yes,No,Yes,Yes,Yes,Yes,Yes,No,Yes,No,No,Yes,Yes,Yes,No,No
Female,Yes,Yes,Yes,Yes,No,Yes,No,Yes,Yes,Yes,Yes,Yes,No,Yes,Yes,Yes,Yes,Yes,No,Yes
Female,No,Yes,Yes,No,No,No,Yes,Yes,Yes,No,Yes,No,Yes,Yes,No,Yes,Yes,Yes,Yes,No
Female,Yes,Yes,No,Yes,No,Yes,Yes,No,No,Yes,Yes,No,No,No,Yes,No,No,Yes,Yes,Yes
Male,Yes,Yes,Yes,Yes,Yes,Yes,Yes,Yes,Yes,Yes,Yes,Yes,No,Yes,Yes,No,No,Yes,No,Yes
Male,No,Yes,No,No,No,No,Yes,No,Yes,No,No,No,Yes,No,Yes,Yes,No,Yes,No,Yes
Male,Yes,Yes,No,Yes,Yes,Yes,No,Yes,No,No,No,Yes,Yes,No,No,Yes,Yes,No,No,Yes
Female,Yes,Yes,Yes,Yes,Yes,Yes,Yes,No,No,Yes,Yes,No,No,Yes,No,No,No,Yes,No,Yes
Female,Yes,Yes,No,Yes,No,Yes,Yes,Yes,Yes,Yes,Yes,No,No,No,Yes,Yes,No,Yes,Yes,Yes
Male,No,No,Yes,Yes,No,Yes,No,Yes,No,Yes,No,Yes,No,Yes,No,Yes,No,Yes,No,Yes
Female,Yes,Yes,No,No,No,No,Yes,Yes,No,No,Yes,No,Yes,Yes,No,Yes,No,Yes,Yes,No
Male,Yes,Yes,Yes,Yes,Yes,No,No,Yes,No,No,Yes,Yes,Yes,Yes,No,Yes,Yes,No,Yes,No
Female,No,Yes,No,No,No,No,Yes,Yes,No,No,No,No,Yes,Yes,No,Yes,Yes,No,No,No
Male,Yes,Yes,Yes,Yes,Yes,Yes,Yes,Yes,Yes,Yes,Yes,Yes,Yes,Yes,Yes,Yes,Yes,Yes,No,Yes
Female,Yes,No,Yes,Yes,No,Yes,No,Yes,No,No,Yes,Yes,Yes,Yes,No,No,No,Yes,No,Yes
Female,No,Yes,No,No,No,No,Yes,No,No,Yes,Yes,No,Yes,Yes,No,Yes,Yes,Yes,No,Yes
Male,No,No,No,Yes,No,No,No,No,No,Yes,No,No,No,No,Yes,Yes,Yes,Yes,Yes,Yes
Female,Yes,Yes,Yes,No,No,Yes,Yes,Yes,Yes,Yes,Yes,Yes,Yes,No,No,No,Yes,No,Yes,No
Female,Yes,Yes,Yes,Yes,No,Yes,Yes,Yes,No,No,No,Yes,Yes,Yes,No,Yes,Yes,Yes,Yes,Yes
Female,Yes,Yes,No,Yes,No,Yes,Yes,Yes,Yes,Yes,No,No,Yes,No,No,Yes,Yes,Yes,No,Yes
Female,No,Yes,No,No,No,No,No,No,Yes,Yes,No,No,Yes,Yes,No,Yes,No,Yes,No,No
Female,Yes,Yes,Yes,Yes,No,Yes,No,Yes,No,No,Yes,Yes,No,Yes,Yes,No,No,Yes,No,Yes
Female,No,Yes,No,No,No,No,Yes,Yes,No,No,No,No,Yes,No,No,No,Yes,Yes,No,Yes
Female,Yes,Yes,Yes,Yes,Yes,Yes,Yes,Yes,Yes,Yes,Yes,Yes,Yes,Yes,No,Yes,Yes,Yes,Yes,Yes
Female,Yes,Yes,No,No,Yes,No,No,No,No,Yes,No,Yes,No,Yes,No,Yes,Yes,No,Yes,No
Female,Yes,Yes,Yes,No,No,No,No,Yes,Yes,Yes,No,No,Yes,Yes,No,No,No,No,No,No
Male,No,Yes,No,Yes,No,No,No,No,No,No,Yes,Yes,Yes,No,Yes,No,No,Yes,No,Yes
Female,No,Yes,No,No,No,Yes,No,Yes,No,Yes,No,No,Yes,Yes,No,Yes,Yes,Yes,No,Yes
Male,No,No,No,Yes,No,No,Yes,No,Yes,Yes,Yes,No,No,No,Yes,Yes,Yes,No,No,Yes
Female,Yes,Yes,Yes,Yes,Yes,Yes,Yes,Yes,No,Yes,Yes,No,Yes,Yes,Yes,No,Yes,Yes,Yes,No
Male,Yes,Yes,No,Yes,Yes,Yes,No,Yes,No,No,No,Yes,Yes,No,No,No,No,Yes,Yes,No
Female,No,Yes,Yes,Yes,Yes,Yes,No,Yes,Yes,Yes,Yes,Yes,Yes,Yes,Yes,Yes,Yes,Yes,Yes,Yes
Male,No,No,Yes,Yes,No,Yes,No,Yes,Yes,Yes,No,Yes,Yes,No,No,Yes,Yes,No,No,No
Male,Yes,Yes,Yes,Yes,No,Yes,No,Yes,Yes,Yes,Yes,No,Yes,No,No,No,Yes,Yes,No,Yes
Male,No,Yes,No,No,Yes,No,Yes,Yes,Yes,No,Yes,Yes,Yes,No,No,Yes,Yes,No,No,No
Male,No,Yes,No,No,No,No,Yes,No,Yes,No,Yes,Yes,Yes,Yes,No,Yes,Yes,Yes,No,No
Female,Yes,Yes,No,Yes,No,Yes,Yes,No,Yes,No,Yes,No,No,Yes,No,Yes,Yes,No,Yes,Yes
Male,Yes,Yes,No,Yes,Yes,No,No,Yes,No,Yes,No,No,Yes,No,Yes,Yes,Yes,Yes,Yes,Yes
Male,No,No,Yes,Yes,No,Yes,No,Yes,Yes,Yes,No,No,Yes,Yes,No,Yes,Yes,Yes,Yes,Yes
Male,No,Yes,No,Yes,No,Yes,No,No,Yes,Yes,Yes,Yes,Yes,Yes,Yes,Yes,Yes,Yes,Yes,Yes
Female,Yes,Yes,Yes,No,Yes,No,No,No,No,No,No,Yes,Yes,Yes,Yes,No,Yes,Yes,No,Yes
Female,No,Yes,Yes,No,No,No,Yes,Yes,No,Yes,No,Yes,No,Yes,No,Yes,Yes,No,No,Yes
Female,No,Yes,No,Yes,Yes,No,No,Yes,Yes,Yes,Yes,Yes,Yes,No,No,Yes,Yes,No,Yes,No
Male,Yes,No,No,No,Yes,No,Yes,Yes,Yes,No,No,No,Yes,Yes,Yes,No,No,No,Yes,No
Male,Yes,Yes,No,No,Yes,No,Yes,No,Yes,No,Yes,No,Yes,No,No,Yes,Yes,No,Yes,No
Male,No,Yes,No,No,No,No,No,Yes,No,Yes,Yes,Yes,Yes,No,No,No,Yes,No,No,No
Female,No,Yes,No,Yes,No,Yes,Yes,No,Yes,Yes,Yes,No,No,Yes,Yes,No,No,Yes,No,Yes
Female,No,Yes,No,Yes,Yes,Yes,Yes,Yes,Yes,Yes,Yes,No,Yes,No,No,Yes,Yes,No,No,Yes
Female,Yes,Yes,Yes,Yes,Yes,Yes,No,Yes,Yes,No,Yes,No,Yes,Yes,No,No,No,Yes,No,Yes
Male,Yes,Yes,Yes,Yes,Yes,Yes,No,No,Yes,Yes,Yes,No,Yes,Yes,Yes,No,Yes,Yes,Yes,No
Male,Yes,Yes,Yes,Yes,No,Yes,No,Yes,No,Yes,Yes,Yes,No,No,Yes,No,No,Yes,No,Yes
Female,Yes,Yes,No,Yes,Yes,No,No,Yes,No,No,Yes,No,Yes,No,No,Yes,Yes,Yes,Yes,No
Female,Yes,Yes,Yes,Yes,No,Yes,No,No,No,No,Yes,Yes,No,Yes,Yes,Yes,Yes,Yes,Yes,Yes
Female,No,Yes,Yes,No,No,No,Yes,No,No,Yes,Yes,No,Yes,Yes,No,Yes,Yes,Yes,No,No
Female,Yes,Yes,No,Yes,No,Yes,Yes,No,No,Yes,Yes,No,No,No,Yes,No,No,Yes,No,Yes
Male,Yes,Yes,Yes,Yes,Yes,Yes,No,No,Yes,Yes,Yes,Yes,No,Yes,Yes,No,No,Yes,Yes,Yes
Male,No,Yes,No,No,No,No,No,No,No,No,No,No,Yes,No,Yes,Yes,No,Yes,Yes,Yes
Male,No,Yes,No,Yes,Yes,Yes,No,Yes,No,Yes,No,Yes,Yes,No,No,Yes,Yes,No,Yes,Yes
Female,No,Yes,Yes,Yes,Yes,Yes,No,No,No,Yes,Yes,No,No,Yes,No,No,No,Yes,No,Yes
Female,Yes,Yes,No,Yes,Yes,Yes,Yes,Yes,Yes,Yes,Yes,No,No,No,Yes,Yes,No,Yes,No,Yes
Male,Yes,No,Yes,Yes,Yes,Yes,No,No,No,Yes,No,Yes,No,Yes,No,Yes,No,Yes,No,Yes
Female,No,Yes,No,No,Yes,No,Yes,No,Yes,No,Yes,No,Yes,Yes,No,Yes,No,Yes,No,No
Male,No,Yes,Yes,Yes,No,No,No,No,Yes,No,Yes,Yes,Yes,Yes,No,Yes,Yes,No,Yes,No
Female,No,Yes,No,No,No,No,Yes,No,Yes,No,No,No,Yes,Yes,No,Yes,Yes,No,Yes,No
Male,Yes,Yes,Yes,Yes,Yes,Yes,Yes,Yes,No,Yes,Yes,Yes,Yes,Yes,Yes,Yes,Yes,Yes,Yes,Yes
Female,Yes,No,Yes,Yes,Yes,Yes,No,Yes,Yes,No,Yes,Yes,Yes,Yes,No,No,No,Yes,No,Yes
Female,No,Yes,No,No,Yes,No,Yes,No,Yes,No,Yes,No,Yes,Yes,No,Yes,Yes,Yes,No,Yes
Male,No,No,No,Yes,Yes,No,No,No,No,No,No,No,No,No,Yes,Yes,Yes,Yes,Yes,Yes
Female,Yes,Yes,Yes,No,No,Yes,Yes,Yes,Yes,No,Yes,Yes,Yes,No,No,No,Yes,No,Yes,No
Female,Yes,Yes,Yes,Yes,Yes,Yes,Yes,Yes,No,Yes,No,Yes,Yes,Yes,No,Yes,Yes,Yes,Yes,Yes
Female,Yes,Yes,No,Yes,Yes,Yes,Yes,Yes,Yes,Yes,No,No,Yes,No,No,Yes,Yes,Yes,No,Yes
Female,No,Yes,No,No,Yes,No,No,No,Yes,Yes,No,No,Yes,Yes,No,Yes,No,Yes,No,No
Female,Yes,Yes,Yes,Yes,No,Yes,No,Yes,No,No,Yes,Yes,No,Yes,Yes,No,No,Yes,No,Yes
Female,No,Yes,No,No,No,No,Yes,Yes,No,Yes,No,No,Yes,No,No,No,Yes,Yes,No,Yes
Female,Yes,Yes,Yes,Yes,Yes,Yes,Yes,Yes,Yes,Yes,Yes,Yes,Yes,Yes,No,Yes,Yes,Yes,Yes,Yes
Female,No,Yes,No,No,Yes,No,Yes,No,No,No,No,Yes,No,Yes,No,Yes,Yes,No,Yes,No
Female,No,Yes,Yes,No,Yes,No,Yes,Yes,Yes,No,No,No,Yes,Yes,No,No,No,No,Yes,No
Male,Yes,Yes,No,Yes,Yes,No,Yes,No,No,No,Yes,Yes,Yes,No,Yes,No,No,Yes,Yes,Yes
Female,Yes,Yes,No,No,Yes,Yes,No,Yes,No,No,No,No,Yes,Yes,No,Yes,Yes,Yes,Yes,Yes
Male,No,No,No,Yes,No,No,Yes,No,Yes,Yes,Yes,No,No,No,Yes,Yes,Yes,No,Yes,Yes
Female,No,Yes,Yes,Yes,Yes,Yes,Yes,Yes,No,Yes,Yes,No,Yes,Yes,Yes,No,Yes,Yes,Yes,No
Male,Yes,Yes,No,Yes,Yes,Yes,Yes,Yes,No,No,No,Yes,Yes,No,No,No,No,Yes,No,No
Female,Yes,Yes,Yes,Yes,Yes,Yes,Yes,No,Yes,Yes,Yes,Yes,Yes,Yes,Yes,Yes,Yes,Yes,No,Yes
Male,Yes,No,Yes,Yes,No,Yes,Yes,No,Yes,Yes,No,Yes,Yes,No,No,Yes,Yes,No,Yes,No
Male,Yes,Yes,Yes,Yes,No,Yes,No,No,Yes,Yes,Yes,No,Yes,No,No,No,Yes,Yes,Yes,Yes
Male,No,Yes,No,No,Yes,No,Yes,No,Yes,No,Yes,Yes,Yes,No,No,Yes,Yes,No,Yes,No
Male,No,Yes,No,No,No,No,Yes,No,Yes,No,Yes,Yes,Yes,Yes,No,Yes,Yes,Yes,No,No
Female,Yes,Yes,No,Yes,No,Yes,Yes,No,Yes,Yes,Yes,No,No,Yes,No,Yes,Yes,No,No,Yes
Male,Yes,Yes,No,Yes,Yes,No,Yes,Yes,No,Yes,No,No,Yes,No,Yes,Yes,Yes,Yes,No,Yes
Male,No,No,Yes,Yes,No,Yes,No,Yes,Yes,Yes,No,No,Yes,Yes,No,Yes,Yes,Yes,No,Yes
Male,No,Yes,No,Yes,No,Yes,No,No,Yes,No,Yes,Yes,Yes,Yes,Yes,Yes,Yes,Yes,Yes,Yes
Female,Yes,Yes,Yes,No,Yes,No,Yes,No,Yes,Yes,No,Yes,Yes,Yes,Yes,No,Yes,Yes,Yes,Yes
Female,No,Yes,Yes,No,Yes,No,Yes,Yes,Yes,Yes,No,Yes,No,Yes,No,Yes,Yes,No,Yes,Yes
Female,No,Yes,No,Yes,Yes,No,No,Yes,Yes,No,Yes,Yes,Yes,No,No,Yes,Yes,No,Yes,No
Male,Yes,No,No,No,Yes,No,Yes,Yes,No,No,No,No,Yes,Yes,Yes,No,No,No,Yes,No
Male,Yes,Yes,No,No,No,No,Yes,No,Yes,No,Yes,No,Yes,No,No,Yes,Yes,No,Yes,No
Male,No,Yes,No,No,No,No,No,Yes,Yes,No,Yes,Yes,Yes,No,No,No,Yes,No,Yes,No
Female,No,Yes,No,Yes,No,Yes,Yes,No,No,No,Yes,No,No,Yes,Yes,No,No,Yes,Yes,Yes
Female,No,Yes,No,Yes,No,Yes,Yes,Yes,No,No,Yes,No,Yes,No,No,Yes,Yes,No,Yes,Yes
Female,Yes,Yes,Yes,Yes,Yes,Yes,Yes,Yes,Yes,No,Yes,No,Yes,Yes,No,No,No,Yes,Yes,Yes
Male,Yes,Yes,Yes,Yes,No,Yes,Yes,No,Yes,Yes,Yes,No,Yes,Yes,Yes,No,Yes,Yes,Yes,No
Male,Yes,Yes,Yes,Yes,No,Yes,No,Yes,No,No,Yes,Yes,No,No,Yes,No,No,Yes,No,Yes
Female,Yes,Yes,No,Yes,Yes,No,Yes,Yes,No,No,Yes,No,Yes,No,No,Yes,Yes,Yes,Yes,No
Female,Yes,Yes,Yes,Yes,No,Yes,No,Yes,No,No,Yes,Yes,No,Yes,Yes,Yes,Yes,Yes,Yes,Yes
Female,No,Yes,Yes,No,No,No,Yes,Yes,No,No,Yes,No,Yes,Yes,No,Yes,Yes,Yes,Yes,No
Female,Yes,Yes,No,Yes,No,Yes,Yes,No,No,No,Yes,No,No,No,Yes,No,No,Yes,Yes,Yes
Male,Yes,Yes,Yes,Yes,Yes,Yes,Yes,Yes,Yes,Yes,Yes,Yes,No,Yes,Yes,No,No,Yes,Yes,Yes
Male,No,Yes,No,No,No,No,Yes,No,No,No,No,No,Yes,No,Yes,Yes,No,Yes,Yes,Yes
Male,Yes,Yes,No,Yes,Yes,Yes,No,Yes,No,No,No,Yes,Yes,No,No,Yes,Yes,No,Yes,Yes
Female,Yes,Yes,Yes,Yes,Yes,Yes,Yes,No,No,Yes,Yes,No,No,Yes,No,No,No,Yes,Yes,Yes
Female,Yes,Yes,No,Yes,No,Yes,Yes,Yes,Yes,Yes,Yes,No,No,No,Yes,Yes,No,Yes,Yes,Yes
Male,No,No,Yes,Yes,No,Yes,No,Yes,No,Yes,No,Yes,No,Yes,No,Yes,No,Yes,No,Yes
Female,Yes,Yes,No,No,No,No,Yes,No,No,No,Yes,No,Yes,Yes,No,Yes,No,Yes,Yes,No
Male,Yes,Yes,Yes,Yes,Yes,No,No,No,No,No,Yes,Yes,Yes,Yes,No,Yes,Yes,No,Yes,No
Female,No,Yes,No,No,No,No,Yes,No,No,No,No,No,Yes,Yes,No,Yes,Yes,No,Yes,No
Male,Yes,Yes,Yes,Yes,Yes,Yes,Yes,No,Yes,Yes,Yes,Yes,Yes,Yes,Yes,Yes,Yes,Yes,Yes,Yes
Female,Yes,No,Yes,Yes,No,Yes,No,Yes,No,No,Yes,Yes,Yes,Yes,No,No,No,Yes,Yes,Yes
Female,No,Yes,No,No,No,No,Yes,No,No,No,Yes,No,Yes,Yes,No,Yes,Yes,Yes,Yes,Yes
Male,No,No,No,Yes,No,No,No,No,No,No,No,No,No,No,Yes,Yes,Yes,Yes,Yes,Yes
Female,Yes,Yes,Yes,No,No,Yes,Yes,Yes,Yes,No,Yes,Yes,Yes,No,No,No,Yes,No,Yes,No
Female,Yes,Yes,Yes,Yes,No,Yes,Yes,Yes,No,No,No,Yes,Yes,Yes,No,Yes,Yes,Yes,Yes,Yes
Female,Yes,Yes,No,Yes,No,Yes,Yes,Yes,Yes,No,No,No,Yes,No,No,Yes,Yes,Yes,Yes,Yes
Female,No,Yes,No,No,No,No,No,No,Yes,No,No,No,Yes,Yes,No,Yes,No,Yes,No,No
Female,Yes,Yes,Yes,Yes,No,Yes,No,Yes,No,No,Yes,Yes,No,Yes,Yes,No,No,Yes,Yes,Yes
Female,No,Yes,No,No,No,No,Yes,Yes,No,No,No,No,Yes,No,No,No,Yes,Yes,Yes,Yes
Female,Yes,Yes,Yes,Yes,Yes,Yes,Yes,Yes,Yes,No,Yes,Yes,Yes,Yes,No,Yes,Yes,Yes,Yes,Yes
